{"note":"This file is an internal implementation detail to speed up HTML report generation. Its format can change at any time. You might be looking for the JSON report: https://coverage.rtfd.io/cmd.html#cmd-json","format":5,"version":"7.6.4","globals":"a6bacfe3a5ee7dde96a12cca4a003e31","files":{"poker_py":{"hash":"392a14d299e587a52bb7f6d58cc31565","index":{"url":"poker_py.html","file":"poker.py","description":"","nums":{"precision":0,"n_files":1,"n_statements":59,"n_excluded":0,"n_missing":9,"n_branches":22,"n_partial_branches":1,"n_missing_branches":1}}}}}